NFC ID,Category
0C 94 52 83 E8 85 45,Artist
12 E9 AF 06 C8 79 6C,Gold
BD 23 C4 CB 9A FA B9,Crew
A2 4D 04 56 8F 39 E3,Crew
FC 71 FE 35 0C 3B E7,Crew
9B 80 94 3A C3 5C 9E,Gold
E7 23 8A 2D 80 B4 BA,DJs
7A 24 77 0A 01 38 6B,VVIP
EC E4 2B 51 01 2A CB,DJs
FE 07 99 2E 31 8D F2,General
30 17 92 F5 52 5D 2B,All Access
0B D4 C6 32 95 08 EA,VVIP
85 4E 4C 41 5E B5 BC,Vendor
90 58 EB F8 82 D2 5C,VVIP
F8 3C D5 05 D7 D1 E1,Vendor
29 8A D8 11 12 F6 33,Security
DB E1 B2 35 4B 09 F5,Crew
13 0E 3C 48 F8 B9 C6,VVIP
7E 24 F7 92 02 1B AB,All Access
03 84 73 E1 89 50 AA,Artist
18 7F 5F A7 27 D6 F7,DJs
54 1A 8C C4 03 E2 7C,Artist
03 65 09 92 BC BA 79,All Access
D7 14 64 84 25 30 37,All Access
78 8D 5D AE D5 0E 26,General
B5 C3 2F A4 31 F6 C3,Security
73 E3 99 2E A1 32 26,Vendor
37 C9 F7 7A 14 F2 39,All Access
B3 23 A2 72 FB 5A 8E,Gold
8C 2F A6 0D 7D A0 39,DJs
E4 FD C1 FD B8 26 08,Gold
67 FB 54 8F 33 93 7D,Artist
8E 7A 12 05 B3 7A 1B,Silver
F2 01 B4 69 07 72 B1,All Access
3E BC EB 19 47 EE 71,Artist
CE 90 4E 9D DB 6E AB,Gold
E5 66 A4 77 DE 62 4C,Security
EA 33 DA 6E AB A2 00,VVIP
EC AE 4B 63 6C 51 B4,Security
03 91 8B 99 A7 8C 30,All Access
11 F1 B1 60 92 74 D6,DJs
D3 CF 1B F0 DD 59 AF,All Access
E6 99 17 47 D1 8D 4B,All Access
F6 B7 A3 12 22 2B 99,Artist
F4 2B ED 29 8F BC 5F,Security
8A 2F B8 C8 E7 F8 1F,Vendor
DE FC E8 5A BD 4C 3D,Security
6A 65 C5 17 5E 99 90,DJs
3F CC 51 E6 A1 FC 4D,Crew
8F EF AE FC BA E8 88,Silver
53 F4 34 4A CE 1B 88,Gold
5D B5 B4 D9 57 09 2F,Crew
A7 99 42 AC B0 F6 81,Security
89 77 57 FD E7 B8 0A,Gold
6D 42 42 FE 91 5D C4,Vendor
41 80 55 E6 F7 AD 29,Silver
E4 FF 32 7A 16 BD 4A,VIP
C3 A1 B0 54 15 5E 75,All Access
BA D8 7E 39 39 3C 3D,All Access
97 2D 3E 7C 00 85 03,General
3A 0F D8 01 DC C2 4C,All Access
C1 B9 7D E7 C1 66 37,General
1B FA EA 44 44 69 7A,VIP
2A 6B 9F 6A B5 0E 5C,VIP
D6 B9 13 84 8E A8 F5,Vendor
24 A5 3F 6C 99 44 4F,VVIP
B9 67 4D 31 9B 75 49,Gold
F6 9E C4 7E A6 40 35,Crew
05 DF F2 36 E8 83 9C,DJs
4F 30 8A 14 4C 79 5D,Gold
ED 83 93 78 D1 6A 16,VVIP
2E 37 FE A4 BD C1 F3,DJs
17 A1 A3 1C E4 0A 02,VIP
B0 A9 29 DD EB 94 BA,Crew
52 45 C3 82 50 56 43,Artist
6C 73 ED 14 A8 19 AE,Silver
28 1B AD 08 99 A3 08,VIP
36 C9 AF EF B1 B2 40,Security
98 A4 17 76 94 E9 37,Vendor
15 CF 30 63 53 90 01,Crew
DF AC 16 10 70 92 D4,Artist
3A 16 56 6E E4 12 3B,Security
34 F9 C8 7B A1 7F 01,Crew
10 74 80 AB 73 95 AF,All Access
1D 35 09 C9 55 B8 AC,Security
9A F9 14 06 F2 D3 51,Silver
0E EB FC 8C 30 1D 99,Security
26 7A 27 87 A9 E6 14,Vendor
00 45 8E 2C 4B 75 DE,Vendor
CC 0B 26 C3 E3 6C 80,Crew
84 72 4B 6F 3F 8A FF,Crew
B9 3A 8B 7C 27 9B BA,VIP
1F 4B 05 93 BA B2 13,VIP
4E FD 6D 06 2C FE FA,Vendor
86 CD 10 3A A8 5F E3,Gold
19 DF 6A DA 55 03 CE,VVIP
07 63 21 4E 55 6A A9,General
11 40 A5 68 82 9F 14,Silver
3D 8E 7C F6 46 63 CB,VVIP
51 C1 91 99 B7 98 1F,Gold